{
  "providers": {
    "awscloudformation": {
      "AuthRoleName": "amplify-grudges-dev-105737-authRole",
      "UnauthRoleArn": "arn:aws:iam::790151409571:role/amplify-grudges-dev-105737-unauthRole",
      "AuthRoleArn": "arn:aws:iam::790151409571:role/amplify-grudges-dev-105737-authRole",
      "Region": "us-east-1",
      "DeploymentBucketName": "amplify-grudges-dev-105737-deployment",
      "UnauthRoleName": "amplify-grudges-dev-105737-unauthRole",
      "StackName": "amplify-grudges-dev-105737",
      "StackId": "arn:aws:cloudformation:us-east-1:790151409571:stack/amplify-grudges-dev-105737/9b8b0ab0-0e2d-11eb-a259-0ac49251e793",
      "AmplifyAppId": "d37stckynsajxb"
    }
  },
  "auth": {
    "grudgesa11eed37": {
      "service": "Cognito",
      "providerPlugin": "awscloudformation",
      "dependsOn": [],
      "customAuth": false,
      "providerMetadata": {
        "s3TemplateURL": "https://s3.amazonaws.com/amplify-grudges-dev-105737-deployment/amplify-cfn-templates/auth/grudgesa11eed37-cloudformation-template.yml",
        "logicalId": "authgrudgesa11eed37"
      },
      "lastPushTimeStamp": "2020-10-14T18:26:32.445Z",
      "output": {
        "AppClientSecret": "uvpbe44phe9r36r0q6ekvhus4p11cb1j2lt8uakl51nrk6qr9i",
        "UserPoolId": "us-east-1_DfMIp3bNx",
        "AppClientIDWeb": "2qoiqhb1quoog16cd8lee4h529",
        "AppClientID": "5gsspcrv3lri88ju3tkdfoqvl7",
        "IdentityPoolId": "us-east-1:1e03cb95-8e73-4bff-b689-803505b4bc31",
        "IdentityPoolName": "grudgesa11eed37_identitypool_a11eed37__dev",
        "UserPoolName": "grudgesa11eed37_userpool_a11eed37"
      },
      "lastPushDirHash": "i//4MxsgtDI0mTknLZ3lfqeJD80="
    }
  }
}